Date,AA,AAPL,DAL,GE,IBM,KO,MSFT,PEP,UAL
2015-01-02,,104.704758,47.723222,23.302335999999997,149.988688,39.499518,44.038037,88.533185,66.339996
2015-01-05,,101.755057,46.927510999999996,22.8746,147.628626,39.499518,43.633071,87.867593,66.150002
2015-01-06,,101.764636,45.82128,22.381773000000003,144.444872,39.799467,42.992653999999995,87.201994,64.58000200000001
2015-01-07,,103.191599,45.578686,22.391072,143.500844,40.296259,43.53889,89.751871,65.529999
2015-01-08,,107.15645400000001,46.762545,22.660732,146.61982,40.783673,44.819722999999996,91.38304699999999,66.639999
2015-01-09,,107.27138000000001,45.491352,22.344579,147.25842600000001,40.33375,44.443006,90.764323,65.339996
2015-01-12,,104.62814,44.695640999999995,22.298085,144.787307,39.968188,43.887351,90.38934,65.91999799999999
2015-01-13,,105.557105,45.229349,22.186503,145.129743,39.958816,43.661322999999996,90.323719,66.410004
2015-01-14,,105.154875,43.967857,22.112114000000002,144.19497900000002,39.893203,43.284607,90.623704,64.050003
2015-01-15,,102.300942,43.715557000000004,21.926141,143.056602,39.724481,42.832547999999996,90.623704,63.830002
2015-01-16,,101.506054,44.482157,21.93544,145.435164,39.86508,43.54831,91.20492800000001,65.75
2015-01-20,,104.120563,47.713516,22.177204,145.259314,40.455605,43.689576,91.411169,68.029999
2015-01-21,,104.915452,47.723222,22.353877999999998,140.761319,40.643074,43.246934,91.308049,69.209999
2015-01-22,,107.64488,49.198198,22.577045000000002,143.815515,41.036755,44.386501,92.71423,72.339996
2015-01-23,,108.200345,49.062345,22.763016,144.259758,40.596208000000004,44.43359,92.367369,73.099998
2015-01-26,,108.31526299999999,48.66449,22.865301000000002,144.71326399999998,40.305631,44.273484,92.51736600000001,73.620003
2015-01-27,,104.52279300000001,47.723222,22.67003,142.223631,39.733853,40.176705,90.670579,71.800003
2015-01-28,,110.43176799999999,47.024547999999996,22.167904999999998,140.261548,39.293302000000004,38.792274,89.733125,70.769997
2015-01-29,,113.869895,48.72271,22.391072,143.898808,39.462022999999995,39.564541,90.02373399999999,73.529999
2015-01-30,,112.20350900000001,45.908615000000005,22.214397,141.890446,38.590297,38.048264,87.914462,69.370003
2015-02-02,,113.611314,45.132309,22.511953,143.139895,38.983982,38.877035,89.367519,69.379997
2015-02-03,,113.630472,44.647119,22.753717,146.666098,39.021476,39.178407,90.183099,67.970001
2015-02-04,,114.50197,45.568979999999996,22.465460999999998,145.268578,39.068342,39.404438,90.558082,71.699997
2015-02-05,,115.319223,44.773270000000004,22.781614,146.14781299999999,39.17145,39.97893,90.567459,69.599998
2015-02-06,,114.348132,44.16193,22.800210999999997,146.063926,38.852754,39.941257,90.661203,67.58000200000001
2015-02-09,,115.107697,43.133331,22.911794,145.15987900000002,38.646538,39.894169,89.967489,64.57
2015-02-10,,117.319084,43.97756,22.986183,147.77881299999999,39.743228,40.120196,91.861143,67.629997
2015-02-11,,120.0689,43.647631,23.032677,147.44329,39.715106,39.913005,94.120411,67.120003
2015-02-12,,121.588031,43.482668,23.144258999999998,147.741539,39.527637,40.581674,93.998538,67.339996
2015-02-13,,122.184148,43.181849,23.386024,149.4937,39.358919,41.316268,92.92984100000001,66.230003
2015-02-17,,122.905254,43.434146000000005,23.404621,150.015635,39.190197999999995,41.335239,92.208004,64.93
2015-02-18,,123.76096499999998,44.017548,23.47901,151.161998,39.115209,41.287811,93.117336,66.720001
2015-02-19,,123.50136299999998,44.649563,23.469626,152.746404,39.471399,41.259358,92.545488,66.089996
2015-02-20,,124.51091399999999,46.127511,23.657307,152.522718,39.340171999999995,41.600815000000004,92.86421899999999,68.010002
2015-02-23,,127.876074,45.884427,23.619772,151.833043,39.227688,41.875878,93.229826,68.839996
2015-02-24,,127.078049,46.701188,23.826221,153.622492,39.490146,41.818967,93.351699,70.889999
2015-02-25,,123.82826100000001,45.544112,24.314195,151.73983700000002,39.415157,41.72412,93.276701,68.690002
2015-02-26,,125.39546899999999,44.649563,24.295426000000003,149.93174299999998,39.799467,41.790514,92.87359599999999,67.41999799999999
2015-02-27,,123.51098700000001,43.288298,24.389267999999998,150.92899599999998,40.586833,41.591328000000004,92.78922800000001,65.18
2015-03-02,,124.11670600000001,44.134227,24.501877,149.568262,40.4931,41.619785,92.807974,66.809998
2015-03-03,,124.37630800000001,44.513436999999996,24.267275,150.08086799999998,40.258765000000004,41.050688,92.245503,69.0
2015-03-04,,123.587892,43.900869,24.079592,148.58033799999998,39.836960999999995,40.842023,91.882162,68.66999799999999
2015-03-05,,121.53996200000002,43.161894000000004,24.229738,150.220663,39.743228,40.889447,91.759479,67.91999799999999
2015-03-06,,121.722637,42.568769,23.854374,147.722895,38.918368,40.178078,90.759114,66.66999799999999
2015-03-09,,122.24183400000001,43.336914,24.060824,149.838551,38.796513,40.642837,90.636431,66.150002
2015-03-10,,119.71316000000002,42.218728999999996,23.619772,147.079808,38.140374,39.865075,89.11701500000001,64.610001
2015-03-11,,117.53060900000001,42.802131,23.63854,146.138488,37.587343,39.817651,88.362023,65.970001
2015-03-12,,119.65546599999999,44.07589,23.835606,147.238248,38.34344,38.9071,90.324996,67.739998
2015-03-13,,118.828598,44.241184999999994,23.497779,143.78983,37.719662,39.248558,89.013203,67.57
2015-03-16,,120.13620300000001,44.882925,23.882527,146.399448,38.078808,39.419286,90.079623,67.91999799999999
2015-03-17,,122.14568799999999,45.35937,23.751148999999998,146.28761200000002,38.286731,39.552074,88.83389100000001,69.089996
2015-03-18,,123.520597,44.542609000000006,24.060824,148.94382,38.371792,40.310867,89.31519899999999,68.099998
2015-03-19,,122.587966,45.952490000000004,23.769917,148.94382,37.823626000000004,40.111684000000004,88.80558,70.089996
2015-03-20,,121.049608,46.108064,23.835606,151.80508400000002,38.419051,40.671294,89.975811,69.449997
2015-03-23,,122.309137,45.291307,23.901294,153.436094,38.390695,40.652324,90.45711899999999,67.610001
2015-03-24,,121.809174,44.75652,23.713613,151.91692,38.248929,40.690264,90.46655799999999,67.629997
2015-03-25,,118.62668899999998,43.288298,23.375785,148.375296,38.230027,39.324435,89.900318,65.559998
2015-03-26,,119.453558,42.870194,23.272559,149.670783,38.135513,39.087312,90.249495,64.970001
2015-03-27,,118.5017,43.638339,23.328865,149.4937,37.880334000000005,38.859676,90.551491,67.75
2015-03-30,,121.501502,44.299526,23.572851999999997,151.60935600000002,38.286731,38.850190000000005,91.08941999999999,68.190002
2015-03-31,,119.63623999999999,43.716124,23.281944,149.586906,38.324537,38.565643,90.240063,67.25
2015-04-01,,119.463174,42.063155,23.310097,148.356652,38.447403,38.622554,89.739877,64.010002
2015-04-02,,120.491951,41.0811,23.403938,149.540303,38.447403,38.214702,90.306125,61.880001
2015-04-06,,122.443743,40.604655,23.629156,151.022188,38.910509000000005,39.409799,91.051677,60.119999
2015-04-07,,121.155371,40.487976,23.479011,151.050162,38.75929,39.390829,90.796864,59.57
2015-04-08,,120.76116299999998,42.092328,23.469626,150.84511899999998,38.645877,39.286495,90.626991,60.549999
2015-04-09,,121.684177,41.946476000000004,24.145281,151.301793,38.797096,39.343405,90.928987,61.16
2015-04-10,,122.203374,42.033986999999996,26.75406,151.78644,38.636428,39.571045,90.787425,61.049999
2015-04-13,,121.96300600000001,41.878413,25.928259,151.339081,38.466306,39.608982,90.155123,61.009997999999996
2015-04-14,,121.43419899999999,41.888139,26.0221,151.264519,38.286731,39.504651,91.061109,60.25
2015-04-15,,121.895703,42.977152000000004,25.768729,152.970091,38.182771,40.083227,91.193232,60.990002000000004
2015-04-16,,121.309203,43.745296,25.599817,152.038085,38.371792,39.988378999999995,91.023359,62.200001
2015-04-17,,119.94391100000001,43.521656,25.571664000000002,149.745345,38.088257,39.476193,90.419368,61.490002000000004
2015-04-20,,122.68411200000001,44.464821,25.355829999999997,154.862061,38.428501000000004,40.699748,91.070549,62.400002
2015-04-21,,122.020699,44.950988,24.980467,153.091242,38.541914,40.443655,91.33479399999999,63.700001
2015-04-22,,123.66481200000001,45.242687,25.252605,154.116454,39.042829,40.775628999999995,91.806662,64.019997
2015-04-23,,124.67436299999999,45.145455,25.1963,158.664646,38.702586,41.107599,90.343875,62.799999
2015-04-24,,125.26086299999999,45.680238,25.149379,158.235917,38.645877,45.404262,89.81537800000001,63.509997999999996
2015-04-27,,127.539552,45.164902000000005,25.224452,159.12132,38.589172999999995,45.556020000000004,89.173637,61.98
2015-04-28,,125.530074,44.921819,25.449671,162.09441999999999,38.532464000000004,46.627815999999996,89.107575,61.419998
2015-04-29,,123.684046,43.784187,25.421519,162.541779,38.267832,46.532969,89.069825,59.869999
2015-04-30,,120.328503,43.404977,25.412134,159.64324,38.33399,46.134601,89.76819499999999,59.740002000000004
2015-05-01,,123.9821,44.396758,25.627968,161.861418,38.66478,46.153571,90.18343399999999,61.400002
2015-05-04,,123.74173200000001,44.036995000000005,25.590432999999997,162.141023,38.712035,45.755206,90.551491,60.919998
2015-05-05,,120.95346200000002,42.685452000000005,25.261989,161.31153899999998,38.513560999999996,45.148169,90.051312,59.23
2015-05-06,,120.19389699999999,42.929034,25.158763,159.686969,38.428501000000004,43.896161,90.107941,59.439999
2015-05-07,,120.93733,44.195664,25.374599,160.56968600000002,38.466306,44.294529,89.79650600000001,62.52
2015-05-08,,123.21588799999999,44.98487,25.674889999999998,162.156684,38.730938,45.290444,91.117738,62.439999
2015-05-11,,121.960747,45.608445,25.261989,160.691754,38.693132,44.930017,90.928987,62.950001
2015-05-12,,121.526279,44.916667,25.365214,160.156498,38.456853,44.911046,90.787425,61.860001000000004
2015-05-13,,121.661447,45.579212,25.534126999999998,161.78106599999998,38.797096,45.176626,90.98561600000001,61.23
2015-05-14,,124.49998400000001,46.1833,25.721809,163.443204,39.2224,46.210482,92.486153,61.75
2015-05-15,,124.326203,45.793566,25.590432999999997,162.70134,39.241303,45.812113000000004,92.693776,61.599998
2015-05-18,,125.697198,46.154068,25.627968,162.513531,39.052278,45.53705,92.533343,62.25
2015-05-19,,125.581344,45.023844,25.665505,162.907934,39.042829,45.422495,92.438963,60.810001
2015-05-20,,125.571679,42.500326,25.937642999999998,163.17086899999998,39.080631,45.422495,92.193597,54.540001000000004
2015-05-21,,126.855783,42.62699,26.012716,162.776466,38.967218,45.269746000000005,91.731161,54.130001
2015-05-22,,127.96609099999999,42.071622,25.975179999999998,161.724725,38.948315,44.773329,90.844054,53.689999
2015-05-26,,125.14686100000002,40.775759,25.825035,159.762095,38.740390999999995,44.477385,90.400497,51.919998
2015-05-27,,127.483346,41.438305,25.825035,161.518131,38.863254,45.451133,90.957298,53.700001
2015-05-28,,127.232324,41.165493,25.928259,161.24581,38.882157,45.298389,91.599039,53.490002000000004
2015-05-29,,125.78408799999998,41.818293,25.590432999999997,159.311337,38.712035,44.735141999999996,91.004487,54.59
2015-06-01,,126.03511,43.211587,25.599817,159.80903700000002,38.693132,45.088363,90.57037,56.310001
2015-06-02,,125.47513899999998,42.10085,25.646736999999998,159.311337,38.740390999999995,44.792419,90.64587,55.950001
2015-06-03,,125.62960600000001,42.130083,25.834419,159.564887,38.626974,44.725592999999996,90.601189,55.869999
2015-06-04,,124.895839,41.818293,25.581048000000003,158.118742,38.362343,44.257814,89.49838000000001,54.57
2015-06-05,,124.210334,41.798809999999996,25.609201000000002,157.198454,37.899233,44.047789,88.462126,54.09
2015-06-08,,123.389676,39.703996000000004,25.562279999999998,155.263995,37.955942,43.656381,88.262474,51.73
2015-06-09,,123.02278500000001,39.674768,25.646736999999998,155.583272,37.993747,43.580009999999994,88.481137,52.580002
2015-06-10,,124.43240800000001,40.006040000000006,25.928259,158.625828,38.116613,44.496478,89.07056999999999,52.419998
2015-06-11,,124.15240700000001,39.752712,25.815651000000003,158.49436,38.2119,44.334185,89.45084200000001,52.5
2015-06-12,,122.78141299999999,40.083985,25.703041,156.81345100000001,38.078493,43.885498999999996,89.118101,52.869999
2015-06-15,,122.54003999999999,39.655281,25.534126999999998,156.127928,37.725915,43.417716999999996,88.072338,52.25
2015-06-16,,123.196574,39.528616,25.543511,156.672583,38.192845,43.751847999999995,88.937474,51.23
2015-06-17,,122.906931,39.752712,25.590432999999997,156.982475,38.373898,43.885498999999996,89.412821,51.32
2015-06-18,,123.46691000000001,40.288594,25.902742,157.99666000000002,38.736006,44.601490999999996,90.53464100000001,52.009997999999996
2015-06-19,,122.23108300000001,40.912169,25.77971,156.81345100000001,38.497778000000004,44.009602,90.18288100000001,53.25
2015-06-22,,123.206231,41.828039000000004,25.950060999999998,157.508345,38.574009000000004,44.133708,90.886393,54.799999
2015-06-23,,122.646244,41.993673,26.073091,158.344107,38.478719,43.828219,90.886393,55.23
2015-06-24,,123.688976,41.564969,25.798638,156.79466599999998,38.297663,43.570461,90.59168000000001,54.459998999999996
2015-06-25,,123.100026,41.506508000000004,25.590432,155.958904,38.135669,43.580009999999994,90.154361,54.939999
2015-06-26,,122.37590800000001,41.262925,25.637751,155.376692,38.116609999999994,43.207691,90.230419,54.48
2015-06-29,,120.232518,40.064498,25.211873999999998,153.03843,37.544862,42.358049,89.07056999999999,52.810001
2015-06-30,,121.10146100000001,40.025527000000004,25.145626999999998,152.747324,37.382865,42.148027,88.737821,53.009997999999996
2015-07-01,,122.23108300000001,39.236318,25.230803,154.465804,37.640152,42.434422999999995,89.859641,51.689999
2015-07-02,,122.076609,38.973248,25.34437,155.02923,37.630625,42.386691,89.992745,51.5
2015-07-06,,121.65178999999999,39.440927,24.899565,154.691169,37.563917,42.377142,89.74556199999999,53.849998
2015-07-07,,121.35249099999999,40.122959,25.050988,154.944718,38.354839,42.291222999999995,91.646951,54.310001
2015-07-08,,118.340158,39.138883,24.502081,153.216854,37.983202,42.233946,90.895902,52.82
2015-07-09,,115.926432,39.509128999999994,24.625113,153.86480600000002,38.040375,42.501249,89.92618900000001,53.259997999999996
2015-07-10,,119.025655,41.370102,24.861710000000002,156.77588,38.488246000000004,42.587168,90.838863,55.509997999999996
2015-07-13,,121.323527,42.256743,25.050988,159.057801,38.745534,43.474996999999995,92.426521,56.389998999999996
2015-07-14,,121.27525,42.5393,25.230803,158.334722,39.231519,43.551368,92.34095400000001,55.73
2015-07-15,,122.44349199999999,42.860831,25.334906,158.259595,39.193405,43.685019,91.599414,55.5
2015-07-16,,124.075166,43.328509999999994,25.590432,160.579072,39.526924,44.54421,92.122299,54.98
2015-07-17,,125.14686100000002,43.786443,25.77971,161.99704599999998,39.307753999999996,44.506023,92.008213,55.389998999999996
2015-07-20,,127.51232399999999,42.958263,25.68507,162.66378400000002,39.431634,44.792419,92.51208000000001,55.349998
2015-07-21,,126.23787,43.503890000000006,25.410618,153.132342,39.250578000000004,45.136095000000005,92.150818,55.970001
2015-07-22,,120.89870900000001,44.059258,25.20241,150.5781,38.974235,43.474996999999995,92.37898299999999,57.07
2015-07-23,,120.840782,44.000797,24.852246,151.873992,38.917059,44.01915,92.093779,56.669998
2015-07-24,,120.20355500000001,42.968004,24.369585999999998,150.014659,38.535891,43.856857,91.437797,56.490002000000004
2015-07-27,,118.533253,42.80237,24.558865,149.376106,38.631184999999995,43.293611,90.943439,56.810001
2015-07-28,,119.122203,43.757214000000005,24.700824,150.29638,38.640713,43.284065999999996,91.371249,58.419998
2015-07-29,,118.74566200000001,43.045953000000004,24.852246,151.272995,38.67883,44.190989,91.770539,57.209998999999996
2015-07-30,,118.14706299999999,42.899802,24.719752,151.150927,38.650244,44.754234999999994,91.865607,56.84
2015-07-31,,117.11398899999999,43.201846,24.700824,152.118156,39.145759999999996,44.582397,91.599414,56.389998999999996
2015-08-03,,114.35268500000001,44.556165,24.483154000000003,149.03804399999999,39.5841,44.68741,92.645176,58.32
2015-08-04,,110.683819,45.16025,24.511545,147.995688,39.879502,45.384308000000004,92.987427,58.950001
2015-08-05,,111.417594,45.243309,24.700824,148.27739499999998,40.136789,45.422495,94.29939,58.110001000000004
2015-08-06,,111.66005,44.989245000000004,24.634577,148.01228899999998,39.946206,44.506023,94.261361,57.509997999999996
2015-08-07,,112.03829499999999,45.292167,24.407443,146.87605200000002,39.80327,44.620584,94.213824,56.740002000000004
2015-08-10,,116.11171399999999,45.262853,24.833318,148.419429,39.717508,45.183831,94.20431500000001,57.150002
2015-08-11,,110.069479,46.02505,24.33173,147.245324,39.526924,44.305546,93.757494,57.869999
2015-08-12,,111.76673500000001,45.536462,24.473689999999998,147.86078899999998,39.317282,44.620584,93.529322,57.41
2015-08-13,,111.679451,46.367065000000004,24.407443,146.828721,39.164815000000004,44.611036,93.919111,58.349998
2015-08-14,,112.46503600000001,46.542957,24.681896,147.472575,39.307753999999996,44.868793,94.337419,58.529999
2015-08-17,,113.628873,46.894740999999996,24.804926000000002,148.002811,39.403044,45.174282,94.936353,59.599998
2015-08-18,,112.98876100000001,46.279119,24.672431,147.718752,39.355399,45.42413,94.850787,58.509997999999996
2015-08-19,,111.543671,46.00551,24.350658,145.758771,38.859883,44.789903,94.109247,58.23
2015-08-20,,109.2548,44.666774,23.839607,144.546798,38.640713,43.876999,93.14905,56.59
2015-08-21,,102.572461,42.604929999999996,23.271772,140.939285,37.668739,41.388137,91.504346,55.09
2015-08-24,,100.012029,41.188026,22.590370999999998,135.845204,36.572888,40.052417,87.302278,52.330002
2015-08-25,,100.613338,40.425825,22.022535,133.468604,36.201252000000004,38.889668,85.22025500000001,52.099998
2015-08-26,,106.38401299999998,42.70265,22.722865,138.903539,36.906407,41.042195,87.929732,53.950001
2015-08-27,,109.516659,42.858998,23.669257,140.645748,37.420982,42.185728000000005,88.985004,53.360001000000004
2015-08-28,,109.87551,42.93717,23.811215,140.11551200000002,37.592507,42.214555,88.918456,57.119999
2015-08-31,,109.36148500000002,42.780822,23.489442,140.030298,37.468627000000005,41.820566,88.34804,56.970001
2015-09-01,,104.473386,42.771052000000005,22.599833,135.097181,36.925466,40.186949,86.826931,57.130001
2015-09-02,,108.95413799999999,44.940387,23.252844,137.341235,37.068405,41.666814,87.79745,57.290001000000004
2015-09-03,,107.04351899999999,44.031611,23.196061,138.97929,37.316161,41.801346,88.266902,57.25
2015-09-04,,105.976666,44.363852,22.713401,136.062976,36.706296,40.946101,87.10764,56.689999
2015-09-08,,108.92504299999999,45.526692,23.621935999999998,139.405371,37.068405,42.176117,88.496844,57.509997999999996
2015-09-09,,106.830148,44.959927,23.233916,137.341235,36.496653,41.388137,87.021417,57.669998
2015-09-10,,109.177209,45.428975,23.356947,138.430112,36.611002,41.599548,87.24176899999999,56.900002
2015-09-11,,110.76778,45.849158,23.612474,139.53793000000002,36.649452000000004,41.782127,87.77829200000001,56.830002
2015-09-14,,111.834625,45.819844,23.442123000000002,137.909339,36.620615,41.35931,87.37589799999999,57.450001
2015-09-15,,112.77539099999998,45.819844,23.943709,139.68943000000002,37.005085,42.262602,88.199838,57.279999
2015-09-16,,112.901478,46.01528,24.539937,140.52266699999998,37.629847,42.570106,89.16749,57.950001
2015-09-17,,110.486519,46.406153,24.205735,140.26701200000002,37.850916,42.522059000000006,89.454913,61.560001
2015-09-18,,110.03068400000001,45.604864,23.680560999999997,136.829926,37.466446000000005,41.782127,89.148331,60.310001
2015-09-21,,111.73763999999998,46.171628000000005,23.957470999999998,138.69523,37.668290999999996,42.387527,89.780653,60.450001
2015-09-22,,109.98219499999999,45.399657,23.976569,136.754176,37.283825,42.185728000000005,88.496844,58.240002000000004
2015-09-23,,110.87446499999999,45.526692,24.005214000000002,136.02510800000002,37.254988,42.156897,88.52558499999999,58.169998
2015-09-24,,111.533971,44.862211,23.785595999999998,136.735249,37.629847,42.195336,88.59265,56.330002
2015-09-25,,111.25271000000001,44.989245000000004,23.795145,137.691567,38.081595,42.224163,89.550719,55.419998
2015-09-28,,109.05113,43.640739,23.212679,134.945695,37.995090000000005,41.599548,88.59265,53.720001
2015-09-29,,105.77299599999999,43.034890000000004,23.460943,134.898349,38.120043,41.743688,89.138749,52.459998999999996
2015-09-30,,106.975629,43.845945,24.081602,137.265485,38.562181,42.531667,90.34591800000001,53.049999
2015-10-01,,106.277328,44.373622,24.052958,135.958822,38.254606,42.868002000000004,89.91478199999999,53.0
2015-10-02,,107.05321200000002,43.845945,24.320318,136.896213,38.821697,43.790514,90.211789,51.759997999999996
2015-10-05,,107.441158,45.888246,25.609381,141.119175,39.417621999999994,44.809123,91.792597,53.330002
2015-10-06,,107.955183,44.060926,26.058167,140.872998,39.369565,44.924436,92.99976600000001,50.779999
2015-10-07,,107.441158,44.940387,26.5165,142.113375,39.907821999999996,44.972482,94.388963,51.580002
2015-10-08,,106.19973700000001,44.911069,26.764764000000003,144.18698899999998,40.349959000000005,45.597102,94.820099,52.259997999999996
2015-10-09,,108.740775,46.132540000000006,26.802958,144.291143,40.388407,45.270378,95.299133,55.709998999999996
2015-10-12,,108.236443,47.3931,26.822055,143.107575,40.369183,45.164673,94.982969,57.799999
2015-10-13,,108.42071899999999,46.640673,26.611985999999998,141.668353,40.032775,45.058968,93.814123,57.299999
2015-10-14,,106.888337,47.481046,26.354173,142.037625,40.061609000000004,44.857169,93.402153,57.509997999999996
2015-10-15,,108.48860900000001,47.813287,26.764764000000003,142.113375,40.292288,45.174281,94.159029,57.759997999999996
2015-10-16,,107.69332299999999,47.998948999999996,27.671881,142.397435,40.388407,45.654756,95.519485,55.970001
2015-10-19,,108.36253,49.122704,27.68143,141.289617,40.359573,45.760461,95.979361,56.75
2015-10-20,,110.341039,49.005444,27.480909999999998,133.165604,40.647923999999996,45.904606,96.065584,55.75
2015-10-21,,110.331345,48.311645,27.54775,133.430722,40.551804,45.356864,96.046426,54.549999
2015-10-22,,112.018901,49.650381,28.244798,136.432249,41.561037,46.154451,98.757763,56.049999
2015-10-23,,115.491004,49.836043,28.177958,136.99088899999998,41.128509,50.805452,98.135017,59.68
2015-10-26,,111.80553,50.148740000000004,28.216152,136.02510800000002,40.936274,52.131564000000004,98.24040500000001,61.02
2015-10-27,,111.097536,49.709009,28.130214000000002,130.53335,40.955498,51.593431,98.623634,60.939999
2015-10-28,,115.67527199999999,48.995670000000004,28.063374,133.34550900000002,41.070838,51.872107,98.432016,59.549999
2015-10-29,,116.897299,49.347455,28.015632,133.080391,41.128509,51.276319,98.48950500000001,60.25
2015-10-30,,115.898343,49.679695,27.614590000000003,132.635368,40.705591999999996,50.584433000000004,97.905082,60.310001
2015-11-02,,117.527709,49.542891,28.072923,132.909949,40.599866,51.161006,97.148207,60.599998
2015-11-03,,118.87581499999999,49.836043,28.254346999999996,134.339709,40.522971000000005,52.035471,96.68833000000001,60.84
2015-11-04,,118.32299499999999,49.635191,28.206605,134.102995,40.340348999999996,52.275708,96.400914,60.290001000000004
2015-11-05,,117.777553,49.517619,28.302090000000003,132.45546299999998,40.686372,52.256489,96.39133100000001,60.299999
2015-11-06,,117.91391399999999,50.164268,28.569451,132.130516,40.330736,52.775399,95.53865,61.490002000000004
2015-11-09,,117.43665,49.605799,28.407125,129.320649,39.927046000000004,52.045079,94.733869,60.150002
2015-11-10,,113.735401,49.282472,28.760424,129.473571,40.148114,51.420459,94.68597,60.060001
2015-11-11,,113.09255700000001,48.968946,29.285596999999996,129.043492,40.407631,51.554995,95.26080999999999,59.639998999999996
2015-11-12,,112.71269299999999,48.968946,28.798617999999998,127.151124,39.965493,51.23788,94.24525899999999,59.25
2015-11-13,,109.420527,47.998975,28.913202000000002,125.918231,39.773258,50.776624,93.92909399999999,58.799999
2015-11-16,,111.212713,46.960417,28.989590999999997,127.79148,40.330736,51.670308,95.385356,58.080002
2015-11-17,,110.735449,46.803653000000004,28.951396000000003,127.896612,40.051995,51.244642,94.68597,57.380001
2015-11-18,,114.241891,46.784058,29.142369,129.808084,40.63831,52.095975,96.065584,57.709998999999996
2015-11-19,,115.69316699999999,47.528682,28.903653000000002,130.68736,41.436084,52.183044,96.697913,58.5
2015-11-20,,116.19965800000001,47.773624,29.276049,132.36945,40.782486999999996,52.424901,95.902714,58.810001
2015-11-23,,114.68993600000002,47.754032,29.209209,132.331227,41.291907,52.424901,96.621266,58.560001
2015-11-24,,115.790567,46.284376,29.276049,132.46502900000002,41.676376,52.482948,96.41049,56.799999
2015-11-25,,114.962658,45.921858,28.989590999999997,131.891582,41.676376,51.941187,96.285943,56.220001
2015-11-27,,114.748374,46.186397,28.989590999999997,132.331227,41.792603,52.173371,96.515878,56.82
2015-11-30,,115.225646,45.520152,28.588549,133.248725,41.279272999999996,52.579689,95.960203,55.73
2015-12-01,,114.29058799999999,46.705674,28.808166999999997,135.026395,41.54078,53.421354,96.822459,56.990002000000004
2015-12-02,,113.258137,47.352326,28.617194,133.51633,41.424556,53.411678,95.976351,57.91
2015-12-03,,112.206202,47.244551,28.674487,132.770857,41.124307,52.434577000000004,95.60007900000001,56.740002000000004
2015-12-04,,115.93667099999999,48.772991,29.113721999999996,134.214014,41.928199,54.088878,97.500698,58.939999
2015-12-07,,115.20616100000001,50.732533000000004,28.99914,133.372976,41.841029999999996,53.992136,97.124434,60.52
2015-12-08,,115.15746499999999,49.253081,28.827264000000003,131.939372,41.657004,53.972787,96.642044,58.650002
2015-12-09,,112.615293,48.508453,29.094624,130.563109,41.318016,53.18917,95.638672,57.860001000000004
2015-12-10,,113.150995,50.242647,29.2665,130.725583,41.414869,53.469725,95.416776,59.529999
2015-12-11,,110.238701,48.283106,28.894104,128.61341399999998,40.940284999999996,52.299138,94.33622,57.029999
2015-12-14,,109.556895,49.164901,28.894104,129.91320100000002,41.114622999999995,53.34395799999999,94.50023,57.299999
2015-12-15,,107.618605,50.11528,28.951396000000003,131.690871,41.715118,53.402005,95.889516,57.900002
2015-12-16,,108.446514,51.065655,29.581604,133.124475,42.460896000000005,54.301713,97.519998,58.869999
2015-12-17,,106.147852,49.997704999999996,29.389203000000002,130.696912,42.121908000000005,53.885718999999995,96.670986,57.32
2015-12-18,,103.274512,48.94935,29.129464000000002,128.92879399999998,41.163049,52.366858,94.451996,56.919998
2015-12-21,,104.54073100000001,50.419006,29.244903000000004,129.502242,41.43424,53.04405799999999,95.14663900000001,58.049999
2015-12-22,,104.443331,50.703140999999995,29.331484000000003,131.824673,41.928199,53.54711700000001,96.28508000000001,58.0
2015-12-23,,105.787465,50.693345,29.774006,132.407673,42.296242,54.001808999999994,97.09549200000001,58.349998
2015-12-24,,105.222536,51.202822,29.658565000000003,132.130516,42.170334000000004,53.85669300000001,96.999015,59.779999
2015-12-28,,104.043982,50.899096,29.725904999999997,131.518845,42.121908000000005,54.127576,97.134084,59.009997999999996
2015-12-29,,105.914084,51.114643,30.091466999999998,133.592791,42.334984999999996,54.708031000000005,97.876962,59.299999
2015-12-30,,104.530989,50.134871999999994,29.870205,133.17226499999998,42.199389000000004,54.47585,97.587532,57.509997999999996
2015-12-31,,102.524526,49.664582,29.966406,131.528398,41.608578,53.672883,96.400849,57.299999
2016-01-04,,102.612183,47.675649,29.543124,129.93232,41.066196999999995,53.015032,95.29135,55.610001000000004
2016-01-05,,100.04079200000001,47.587469,29.571984999999998,129.836755,41.211476,53.256889,95.947401,55.060001
2016-01-06,,98.083025,47.940187,29.100603000000003,129.186847,40.988711,52.289462,95.976351,55.200001
2016-01-07,,93.943473,46.049229,27.869238,126.979099,40.310731,50.470696999999994,94.133617,52.630001
2016-01-08,,94.44022199999999,45.667119,27.368997999999998,125.80354799999999,40.204190999999994,50.625489,93.786295,51.889998999999996
2016-01-11,,95.96942,45.794491,27.494057,127.33271699999999,40.271992,50.596463,94.008198,51.619999
2016-01-12,,97.362258,46.010038,27.551777,127.017322,40.795002000000004,51.060828,94.181859,50.860001000000004
2016-01-13,,94.859047,44.0309,27.166976000000002,125.36390300000001,40.533495,49.957961,93.101302,48.060001
2016-01-14,,96.93369,44.42281,27.955819,127.02688899999998,40.562554,51.380081,92.435601,47.830002
2016-01-15,,94.605802,43.599802000000004,27.407477,124.27436399999999,40.194507,49.329136,90.62181700000001,45.669998
2016-01-19,,94.148022,45.030266999999995,27.407477,122.439352,40.601293,48.913140999999996,92.397009,45.18
2016-01-20,,94.274641,44.765728,26.936095,116.466002,40.078283,49.135649,90.467448,45.119999
2016-01-21,,93.797377,45.57894,27.503678000000004,117.469528,40.087967,48.835745,91.142799,45.330002
2016-01-22,,98.784315,45.814083000000004,27.166976000000002,117.07767199999999,40.736892,50.586791,92.474193,46.720001
2016-01-25,,96.855775,45.010671,26.974576000000003,116.67626499999999,40.833745,50.103077,92.561027,46.439999
2016-01-26,,97.39147700000001,45.177234000000006,27.234315999999996,117.16368500000002,40.756263,50.470696999999994,92.92764100000001,47.23
2016-01-27,,90.99221800000001,43.815353,26.936095,115.60583799999999,40.765947,49.551643,92.561027,47.709998999999996
2016-01-28,,91.64480400000001,42.326101,27.138115000000003,116.81006699999999,41.230847,50.364283,94.01784,46.110001000000004
2016-01-29,,94.810344,43.394051,27.9943,119.266309,41.569835,53.295587,95.80269,48.279999
2016-02-01,,93.923996,44.295439,27.551777,119.30453899999999,41.647321000000005,52.927964,95.54219499999999,48.860001000000004
2016-02-02,,92.024676,42.727807,27.166976000000002,117.498199,41.104935,51.273663,94.751075,46.450001
2016-02-03,,93.846074,42.913962,27.580638,119.199408,41.376129999999996,50.461024,95.243115,47.57
2016-02-04,,94.600127,43.149109,28.07126,121.999715,41.192104,50.306236,93.959956,48.41
2016-02-05,,92.073538,41.160171000000005,27.455578000000003,122.878997,41.104935,48.526169,93.892421,46.860001000000004
2016-02-08,,93.043048,39.945258,27.099636,122.598996,41.308332,47.800598,94.085375,45.68
2016-02-09,,93.02345799999999,41.130779,27.205457,119.78939199999999,41.937882,47.674832,94.81860999999999,46.48
2016-02-10,,92.318363,42.394684999999996,27.224696,116.04326100000002,41.211476,48.090826,94.181859,47.709998999999996
2016-02-11,,91.760163,41.836216,26.406994,113.78399099999999,41.07588,48.071477,93.487216,46.98
2016-02-12,,92.04415999999999,42.253941,27.186217,116.863933,41.753861,48.855094,95.021213,48.349998
2016-02-16,,94.6393,43.816718,27.763419,118.505277,41.995996000000005,49.780749,95.127339,48.869999
2016-02-17,,96.088664,45.310689,28.225179999999998,121.749353,42.121908000000005,51.076664,96.043885,50.610001000000004
2016-02-18,,94.26717,45.664526,27.975059,127.88026599999999,42.238132,50.852559,96.111419,51.939999
2016-02-19,,94.051723,45.920077,27.917339000000002,128.488535,42.393099,50.492042,96.072827,53.82
2016-02-22,,94.874329,47.984120000000004,28.29252,129.154731,42.557749,51.300774,96.352614,55.490002000000004
2016-02-23,,92.72967299999999,48.111895000000004,28.109739,127.831989,42.315613,49.868443,96.034235,55.450001
2016-02-24,,94.110479,48.102064,27.859617999999998,128.218197,42.528694,50.043831,96.169304,56.259997999999996
2016-02-25,,94.75681800000001,48.357614,28.344471000000002,129.85954099999998,42.770829,50.764865,97.124434,56.860001000000004
2016-02-26,,94.903715,47.040557,28.509321000000003,127.474759,41.782916,49.985367,94.895794,56.580002
2016-02-29,,94.68826800000001,47.414052000000005,28.257196999999998,126.50926000000001,41.773232,49.576132,94.374812,57.259997999999996
2016-03-01,,98.448766,48.062752,28.974778999999998,129.734022,42.315613,51.232568,95.60007900000001,58.400002
2016-03-02,,98.664213,47.718742,29.265690999999997,131.597441,42.393099,51.593084999999995,95.544703,57.919998
2016-03-03,,99.398686,47.954634000000006,29.304478999999997,133.04568899999998,42.57712,51.008458000000005,96.35119399999999,58.34
2016-03-04,,100.877427,47.836686,29.537208000000003,133.04568899999998,42.722403,50.696659000000004,97.167397,58.0
2016-03-07,,99.76102900000001,47.561482,29.372359000000003,135.314602,42.625547,49.722286,96.438641,57.610001000000004
2016-03-08,,98.938415,45.428637,29.149326000000002,134.271876,42.925796000000005,50.3264,96.914759,56.34
2016-03-09,,99.026556,45.939735,29.139629,135.565641,43.400383000000005,51.485903,97.361728,57.439999
2016-03-10,,99.07551600000001,46.195281,29.032962,135.35323,43.807169,50.716147,97.925301,57.259997999999996
2016-03-11,,100.142954,46.873466,29.420844,137.44836,44.11952,51.710009,98.440287,58.369999
2016-03-14,,100.397566,47.070042,29.352965,137.85386699999998,44.207369,51.807445,97.798986,58.98
2016-03-15,,102.414924,46.942267,29.362662,138.02766499999998,44.158565,52.216683,98.284823,58.049999
2016-03-16,,103.776147,47.934976,29.255994,139.794514,43.973104,52.957206000000006,97.973888,58.77
2016-03-17,,103.609668,47.787543,30.022059999999996,141.96688500000002,44.675894,53.259263,98.98443,58.84
2016-03-18,,103.727179,49.193059999999996,29.983272999999997,142.015163,44.509956,52.119248,98.420857,60.41
2016-03-21,,103.717391,49.261860999999996,30.148123,143.502039,44.578282,52.479765,98.663775,61.189999
2016-03-22,,104.51061999999999,48.54436,30.119031,142.990326,44.412348,52.68438199999999,97.915582,60.490002000000004
2016-03-23,,103.93283000000001,48.072579,30.128728000000002,140.383468,44.373303,52.586946,97.95445,59.740002000000004
2016-03-24,,103.482354,47.020899,30.167517,142.84549199999998,44.490437,52.82079399999999,97.828135,57.84
2016-03-28,,103.01229599999999,47.374736,30.536004,143.27996399999998,44.705176,52.167966,98.11964,57.91
2016-03-29,,105.450744,48.288813,30.526307,144.177885,45.368921,53.307981000000005,98.498593,58.66
2016-03-30,,107.291821,48.48539,30.865703999999997,143.289628,45.466533,53.63926800000001,99.78120200000001,59.82
2016-03-31,,106.733621,47.846517,30.826916999999998,146.224737,45.281071999999995,53.81465600000001,99.577151,59.860001000000004
2016-04-01,,107.712919,46.205109,30.962675,147.257827,45.710557,54.145943,100.840323,56.720001
2016-04-04,,108.81953,46.342715000000005,30.283881,146.82335600000002,45.76912,54.009531,100.879191,55.849998
2016-04-05,,107.536645,46.352542,30.041453999999998,144.82476699999998,45.417725,53.161827,100.17958399999999,55.580002
2016-04-06,,108.66283899999999,46.391858,29.963878,144.84408100000002,45.593423,53.707474,100.976357,55.139998999999996
2016-04-07,,106.29294099999998,45.015827,29.702057,143.135145,45.251791,53.064386999999996,100.665421,53.16
2016-04-08,,106.410459,45.497439,29.857212,144.197199,45.749598,53.025412,102.103502,53.080002
2016-04-11,,106.762999,45.752984999999995,29.779634,144.100643,45.329876,52.918234,101.345598,53.709998999999996
2016-04-12,,108.15360700000001,45.831617,29.876604999999998,144.46753700000002,45.534859000000004,53.249520999999994,101.93831899999999,54.07
2016-04-13,,109.720482,47.217476,30.041453999999998,146.012326,44.939440000000005,53.931579000000006,101.17069599999999,55.580002
2016-04-14,,109.77923700000001,47.659772,30.080244,145.944749,44.734460999999996,53.941325,100.23789000000001,56.73
2016-04-15,,107.575818,46.686721,30.089940999999996,146.485426,44.998003999999995,54.223893999999994,100.83060400000001,56.900002
2016-04-18,,105.254888,45.752984999999995,30.119031,147.267477,45.115138,55.013135,100.782025,56.98
2016-04-19,,104.696689,46.067506,30.206304,139.031776,45.486051,54.944929,101.36502800000001,58.049999
2016-04-20,,104.91212800000001,45.802129,30.206304,141.068979,43.309359,54.165431000000005,99.53828299999999,58.599998
2016-04-21,,103.776147,44.20004,30.041453999999998,144.148921,42.616332,54.350559999999994,98.129352,52.759997999999996
2016-04-22,,103.492149,43.85603,29.828120000000002,143.376519,43.475297,50.453066,99.091314,50.740002000000004
2016-04-25,,102.904573,43.177845,29.750544,143.675822,43.641231,50.774611,99.888087,49.369999
2016-04-26,,102.18968199999999,42.843666,29.963878,143.93651,43.465534000000005,50.121779,99.693747,49.139998999999996
2016-04-27,,95.794871,42.941953000000005,29.99297,145.27855300000002,43.61195,49.634592,99.72289599999999,48.939999
2016-04-28,,92.86677399999999,42.126166,29.963878,141.99586399999998,43.563146,48.621246,100.053269,48.060001
2016-04-29,,91.799336,40.956538,29.818423,140.904846,43.729079999999996,48.592012,100.04355100000001,45.810001
2016-05-02,,91.701408,41.447977,29.954181,140.257964,43.904778,49.31305,100.50023900000001,46.66
2016-05-03,,93.20952700000001,42.185136,29.702057,139.157296,43.768125,48.504319,100.626553,47.130001
2016-05-04,,92.240024,40.720649,29.159022999999998,139.273151,43.904778,48.592012,101.073523,45.549999
2016-05-05,,91.865625,41.03517,28.984476,141.416559,43.982867,48.660218,101.258143,44.990002000000004
2016-05-06,,91.35329300000001,41.320206,29.20751,143.580646,44.23665,49.098687,101.986899,45.700001
2016-05-09,,91.42226099999999,41.808296999999996,28.965083,143.629389,44.158565,48.786888,102.297834,45.709998999999996
2016-05-10,,92.04297199999999,42.350621000000004,29.556602,146.19316,44.656372,49.712543,103.551294,47.0
2016-05-11,,91.146389,41.70969,29.420844,145.198844,44.373303,49.741774,102.725373,45.799999
2016-05-12,,89.00837,40.496856,29.178418,145.091613,44.734460999999996,50.189984,103.094606,43.779999
2016-05-13,,89.18571700000001,41.019458,28.74205,143.999824,44.265932,49.771007,101.228994,43.84
2016-05-16,,92.49619,42.399922,29.052355,145.69601,44.529478000000005,50.501787,101.18040699999999,44.59
2016-05-17,,92.111939,43.06057,28.809928999999997,144.272772,43.680276,49.559843,99.470267,45.049999
2016-05-18,,93.166167,43.247921000000005,28.71296,143.629389,43.41673,49.854203000000005,98.05162299999999,45.27
2016-05-19,,92.81147299999999,42.498525,28.470534000000004,141.280079,43.260555,49.373419,98.459725,44.009997999999996
2016-05-20,,93.81644200000001,42.498525,28.664474,143.54166,42.8994,49.667775,97.264562,44.490002000000004
2016-05-23,,95.008606,42.350621000000004,28.596595,143.073752,42.918923,49.088873,97.575498,44.200001
2016-05-24,,96.456939,43.021132,28.945689,144.574962,43.309359,50.619529,98.226518,44.990002000000004
2016-05-25,,98.151587,42.892945000000005,29.178418,147.869845,43.319122,51.139558,98.226518,45.130001
2016-05-26,,98.92994300000001,42.163270000000004,29.110539000000003,148.600957,43.621709,50.913885,99.01357900000001,44.5
2016-05-27,,98.870823,42.518246999999995,29.20751,148.990878,43.709558,51.335796,99.071877,45.18
2016-05-31,,98.388047,42.853502,29.314176,149.868221,43.53386,52.003005,98.304253,45.09
2016-06-01,,97.008682,42.902803000000006,29.197812,148.66918700000002,43.631471999999995,51.855825,99.43299499999999,45.25
2016-06-02,,96.27959200000001,41.857597999999996,29.139629,149.63426,43.650995,51.492785999999995,99.853948,45.169998
2016-06-03,,96.476641,40.989878000000004,29.032962,149.03962099999998,43.963345000000004,50.815768,100.372796,44.299999
2016-06-06,,97.176174,40.703924,29.20751,148.883647,44.285454,51.149372,100.53921700000001,44.529999
2016-06-07,,97.57028000000001,41.512481,29.226902000000003,149.46854299999998,44.23665,51.119934,100.333637,45.810001
2016-06-08,,97.48161,41.265969,29.391752,150.121668,44.461152,51.061065,101.00912199999999,45.689999
2016-06-09,,98.18114399999999,41.808296999999996,29.323873,149.556273,44.666131,50.648963,101.479026,46.700001
2016-06-10,,97.373231,41.45332,29.129933,148.532713,44.890636,50.511598,101.13638399999999,46.080002
2016-06-13,,95.905188,40.003833,28.926294,147.470167,44.379171,49.196805,100.891644,44.060001
2016-06-14,,96.023422,38.564209000000005,29.517815000000002,147.255706,44.300487,48.892638,101.058073,42.09
2016-06-15,,95.708139,38.347278,29.66327,146.885271,44.270977,48.755269,100.69585500000001,42.889998999999996
2016-06-16,,96.1121,37.48942,29.936844,147.255706,44.566054,49.442102,101.665023,41.830002
2016-06-17,,93.924821,37.479558000000004,29.897763,148.162293,44.054592,49.186994,101.234286,42.619999
2016-06-20,,93.698208,37.558443,30.122484999999998,149.74149,44.241471000000004,49.128122,101.195126,43.400002
2016-06-21,,94.496274,38.130347,30.229961,150.170412,44.389009,50.227052,101.890187,44.860001000000004
2016-06-22,,94.14158,38.012023,30.073633,149.068865,44.123442,50.030817,101.557337,45.09
2016-06-23,,94.683468,37.775374,30.474224,151.437675,44.339831,50.933509,102.242614,45.169998
2016-06-24,,92.02327,34.689053,29.135663,142.898277,43.208711,48.892638,99.834372,41.060001
2016-06-27,,90.683316,32.894452,28.647137,139.886099,43.061173,47.518972999999995,99.98121,37.75
2016-06-28,,92.210464,34.186168,29.252909999999996,142.030692,43.454607,48.509972,99.99100200000001,38.950001
2016-06-29,,93.00853000000001,35.734262,29.848909999999997,144.721194,43.710336,49.589282,100.950386,40.57
2016-06-30,,94.190838,35.921609000000004,30.757568,147.957575,44.585726,50.207428,103.711054,41.040001000000004
2016-07-01,,94.47656500000001,36.256864,30.767338,148.513227,44.379171,50.197618,103.40757099999999,41.369999
2016-07-05,,93.58982900000001,35.122911,30.728257,147.86008700000002,44.684083,50.207428,104.18095100000001,40.290001000000004
2016-07-06,,94.12187,35.083472,31.011601000000002,148.532713,44.526709999999994,50.41348,103.69147099999999,39.310001
2016-07-07,,94.52583100000001,35.862445,31.089765000000003,148.756931,44.349665,50.41348,105.22843799999998,40.09
2016-07-08,,95.254921,36.848490000000005,31.461045000000002,150.57009,44.634904,51.316171999999995,105.992026,41.48
2016-07-11,,95.55050200000001,37.588023,31.470814,151.418175,44.821783,51.600718,106.618567,42.41
2016-07-12,,95.984011,39.648857,31.519665999999997,153.085102,44.831621000000005,52.209053999999995,106.501089,46.16
2016-07-13,,95.442123,39.00793,31.617373999999998,154.040432,44.988994,52.503409999999995,107.597527,45.860001000000004
2016-07-14,,97.33381999999999,40.408112,31.881178000000002,156.243511,44.939811999999996,52.729085999999995,107.64647099999999,47.849998
2016-07-15,,97.323965,39.422067,32.125440999999995,155.756103,44.8808,52.689838,107.352787,47.43
2016-07-18,,98.358491,39.540391,32.154751,155.83409,44.8808,52.944945,106.912251,47.709998999999996
2016-07-19,,98.397902,39.964391,32.174292,155.561143,44.8808,52.091312,107.225518,47.849998
2016-07-20,,98.486572,39.648857,32.027733000000005,157.296314,44.762767,54.858264,106.628351,48.299999
2016-07-21,,97.964385,37.982442,31.842095,156.409228,44.703755,54.750333,106.29550900000001,46.66
2016-07-22,,97.20573900000001,38.416301000000004,31.324259,157.98844,45.077517,55.505849,106.892675,47.57
2016-07-25,,95.905188,38.416301000000004,30.913896,158.55382,44.821783,55.662839,106.726246,46.889998999999996
2016-07-26,,95.24506600000001,38.485324,30.747797,158.037169,44.143114000000004,55.692273,105.92349899999999,47.73
2016-07-27,,101.432497,38.002164,30.562158,157.754479,42.687415,55.132996,105.218654,47.439999
2016-07-28,,102.80200699999999,38.81072,30.532846000000003,157.306057,42.93331,55.15262,105.854972,47.400002
2016-07-29,,102.673926,38.209232,30.42537,156.57494499999999,42.913638,55.613780000000006,106.628351,46.889998999999996
2016-08-01,,104.486808,38.929044,30.435140999999998,157.384044,42.736593,55.515663,106.638143,47.360001000000004
2016-08-02,,102.93995,35.882166,30.337435,156.53595900000002,42.815277,55.515663,106.432562,44.400002
2016-08-03,,104.230638,35.970909999999996,30.415599,156.62368899999998,42.923472,55.898326000000004,105.766869,44.900002
2016-08-04,,104.874527,36.030074,30.454682000000002,157.48153200000002,42.795605,56.310423,106.138871,45.900002
2016-08-05,,106.46938899999999,37.144302,30.562158,159.38242,42.766099,56.8697,106.373827,48.41
2016-08-08,,107.35101999999999,36.917512,30.552388,159.32341200000002,42.726755,56.967822,105.864764,48.490002000000004
2016-08-09,,107.786878,36.631562,30.581698,159.05795,42.756265,57.105187,106.00181699999999,47.810001
2016-08-10,,106.984496,36.168548,30.552388,159.36275,42.893966,56.928573,106.53045700000001,47.119999
2016-08-11,,106.915155,36.386671,30.571928999999997,160.78843799999999,43.031665999999994,57.20330500000001,106.19761399999999,47.27
2016-08-12,,107.16280400000001,36.039657,30.523075,159.234925,43.307068,56.850076,106.30529299999999,47.099998
2016-08-15,,108.450584,36.60479,30.523075,159.166106,43.513622999999995,57.02669100000001,106.432562,48.009997999999996
2016-08-16,,108.351518,36.62462,30.474224,158.00588100000002,43.110355,56.710753000000004,105.72771000000002,47.990002000000004
2016-08-17,,108.193026,37.189753,30.571928999999997,157.750245,43.336578,56.829232,106.187822,48.18
2016-08-18,,108.05434299999999,36.753510999999996,30.708716,158.65482,43.375918,56.868720999999994,106.00181699999999,47.599998
2016-08-19,,108.331709,36.456072999999996,30.532846000000003,157.356942,43.198873,56.888468,105.894131,47.09
2016-08-22,,107.489703,36.297439000000004,30.60124,157.317619,43.021832,56.93783199999999,105.68855,46.950001
2016-08-23,,107.826502,36.376754,30.513305,157.57325500000002,43.130023,57.15504,105.61023200000001,47.490002000000004
2016-08-24,,107.01421299999998,36.456072999999996,30.503534000000002,156.383549,43.130023,57.21428,105.835396,47.599998
2016-08-25,,106.558539,36.158635,30.493763,155.97059199999998,42.952978,57.431484,105.61023200000001,47.529999
2016-08-26,,105.93446599999999,35.781878999999996,30.513305,155.66579199999998,42.608726000000004,57.293262,105.189279,46.869999
2016-08-29,,105.815591,36.23795,30.640321999999998,157.042315,42.825115000000004,57.362373,105.717918,46.950001
2016-08-30,,105.003302,36.842743,30.650093,156.72767199999998,42.530042,57.15504,104.95433,50.990002000000004
2016-08-31,,105.10236,36.436244,30.523075,156.216401,42.716921,56.730499,105.243195,50.41
2016-09-01,,105.726441,36.505646,30.483994,156.865325,42.638233,56.85885,105.775573,50.889998999999996
2016-09-02,,106.71703799999999,36.852656,30.571928999999997,156.875167,42.943144000000004,56.93783199999999,106.347388,51.09
2016-09-06,,106.68731399999999,36.505646,30.337435,157.66175800000002,43.071011,56.878595999999995,106.39667800000001,51.139998999999996
2016-09-07,,107.34111200000001,38.567889,30.347206,158.930124,42.923472,56.927960999999996,105.696701,53.68
2016-09-08,,104.527812,38.954559,30.327665999999997,156.334384,42.913638,56.700881,105.371357,54.360001000000004
2016-09-09,,102.160285,37.427706,29.419009000000003,153.079878,41.575967,55.496368999999994,102.58130899999999,52.450001
2016-09-12,,104.44856999999999,38.111814,29.790287,155.636281,42.48086,56.325704,104.523495,53.25
2016-09-13,,106.93496299999998,37.209583,29.164975,153.19786200000001,41.925556,55.81230600000001,103.11368,51.639998999999996
2016-09-14,,110.719044,36.803084000000005,29.018418,151.467373,41.756983,55.545733,103.567193,51.0
2016-09-15,,114.483317,36.971634,29.294125,153.050383,42.004888,56.463926,103.991124,51.709998999999996
2016-09-16,,113.839427,36.456072999999996,29.225198,151.26088700000003,41.786731,56.523166,103.793943,51.0
2016-09-19,,112.51203000000001,37.249241999999995,28.979028999999997,152.273618,41.747065,56.207229000000005,104.178437,50.959998999999996
2016-09-20,,112.502122,37.308732,29.215351000000002,151.86066100000002,41.985054999999996,56.088754,104.799549,50.310001
2016-09-21,,112.48231399999999,37.725144,29.392592999999998,152.922557,42.173460999999996,57.02669,105.617828,50.23
2016-09-22,,113.542252,38.171303,29.579682000000002,153.492835,42.599856,57.08592900000001,106.29809099999999,51.040001000000004
2016-09-23,,111.650208,38.448910999999995,29.431979,152.381775,42.381703,56.700881,105.824863,50.950001
2016-09-26,,111.81860800000001,37.715231,29.087344,151.39854,41.697485,56.177611,105.519241,49.450001
2016-09-27,,112.026632,38.875240000000005,29.422132,154.141774,42.232959,57.21428,105.972747,50.41
2016-09-28,,112.878547,38.895070000000004,29.441826000000002,155.636281,41.796649,57.293262,105.864299,50.66
2016-09-29,,111.125193,38.696777000000004,29.077496999999997,155.459306,41.677652,56.671263,106.23893999999999,51.139998999999996
2016-09-30,,111.98701499999999,39.023961,29.166118,156.186905,41.965222,56.868720999999994,107.234678,52.470001
2016-10-03,,111.461992,39.638667,29.185809999999996,154.96768799999998,41.677652,56.69100600000001,106.722022,53.25
2016-10-04,,111.937482,39.807217,29.047956,153.836974,41.489246,56.51329499999999,105.58825300000001,53.73
2016-10-05,,111.98701499999999,39.975764,29.047956,154.446575,41.459499,56.908214,104.513642,53.82
2016-10-06,,112.81911299999999,39.599007,28.821481,154.249931,41.360335,57.006947,104.89813600000001,53.98
2016-10-07,,112.98751299999999,38.617461999999996,28.634392,153.06020900000001,41.380168,57.066182999999995,104.49391999999999,52.82
2016-10-10,,114.95880700000001,39.43046,28.417764000000002,154.387583,41.380168,57.303137,104.720677,54.200001
2016-10-11,,115.206456,38.607545,28.476844,152.194958,41.191762,56.463926,104.07985,53.52
2016-10-12,,116.23666999999999,38.934729,28.45715,151.70334,41.429748,56.384944,104.582654,52.880001
2016-10-13,,115.88006200000001,39.668409000000004,28.329143,151.14290400000002,41.409915000000005,56.197354000000004,104.424908,53.689999
2016-10-14,,116.523945,39.698156,28.447303,151.86066100000002,41.32067,56.69100600000001,105.32206699999999,53.200001
2016-10-17,,116.444703,39.014044,28.407916999999998,152.175304,41.251257,56.493548,105.34178100000001,53.029999
2016-10-18,22.411956,116.365453,39.123106,28.535923999999998,148.193199,41.618158,56.927960999999996,105.44036799999999,53.68
2016-10-19,22.411956,116.018745,40.550814,28.614697999999997,148.72413899999998,41.697485,56.799609999999994,104.760113,55.439999
2016-10-20,22.411956,115.959304,41.106031,28.624545,148.97978999999998,41.578492,56.523166,104.375619,56.57
2016-10-21,20.917826,115.503631,40.818506,28.535923999999998,147.121476,41.776816,58.90256899999999,104.129147,55.599998
2016-10-24,20.917826,116.543761,41.016799,28.476844,148.045719,42.203212,60.225556999999995,105.79528799999999,55.040001000000004
2016-10-25,21.166848,117.13811799999999,40.858165,28.210981,148.35052,42.183378999999995,60.215685,105.716422,54.630001
2016-10-26,20.917826,114.503125,41.046545,28.427611,149.264921,42.084215,59.860255,105.558677,53.98
2016-10-27,21.117044,113.40356899999999,41.115947,28.191287,150.779112,41.766898,59.33698199999999,105.124886,54.419998
2016-10-28,21.31626,112.65071299999998,40.987056,28.772246000000003,150.051512,41.875976,59.109902000000005,105.558677,55.110001000000004
2016-10-31,21.356105,112.472406,41.413385,28.654086,151.11340800000002,42.044553,59.159266,105.68683999999999,56.23
2016-11-01,22.91,110.441678,41.522447,28.437456,150.228488,41.766898,59.040791000000006,105.20375800000001,56.0
2016-11-02,22.91,110.54073700000001,41.572019,28.053433000000002,149.402574,41.697485,58.67549,105.20375800000001,56.139998999999996
2016-11-03,24.15,109.35588,41.562102,27.846652000000002,149.815531,41.677652,58.45828100000001,105.124886,55.939999
2016-11-04,25.200001,108.370149,42.513909000000005,28.0042,149.87452199999998,41.340502,57.964629,104.31645999999999,57.23
2016-11-07,25.08,109.933378,43.832552,28.860867,153.109374,42.104048,59.652919,105.45022900000001,58.529999
2016-11-08,26.4,110.58056599999999,44.353479,28.969182,153.95271,42.520528999999996,59.702287,107.18538899999999,59.310001
2016-11-09,28.719998999999998,110.401343,45.070626000000004,29.175963,153.59553400000001,41.915642,59.406093000000006,105.73613700000001,60.130001
2016-11-10,29.1,107.32468600000001,45.767852000000005,29.944012,158.963097,40.596790000000006,57.954758,101.792598,59.939999
2016-11-11,29.299999,107.961922,46.196148,30.239414,160.004863,40.686035,58.270694999999996,101.733447,60.25
2016-11-14,29.620001000000002,105.25366299999999,47.281827,30.042479999999998,156.968871,40.824861,57.38211999999999,99.95885200000001,62.939999
2016-11-15,30.209999,106.647621,47.461114,30.278802000000002,157.425253,41.092597999999995,58.51525,100.412358,66.059998
2016-11-16,31.42,109.51518600000001,47.192184000000005,30.268955,158.04038500000001,40.914107,59.290552000000005,100.274335,65.5
2016-11-17,31.85,109.47535800000001,48.317701,30.31819,158.546394,40.775281,60.274584999999995,100.185609,67.860001
2016-11-18,30.42,109.584883,48.706159,30.200028000000003,159.131761,40.567043,59.98633100000001,99.879979,68.290001
2016-11-21,30.690001000000002,111.24768,48.417307,30.396964,161.493096,41.013271,60.49326,100.816574,68.989998
2016-11-22,31.34,111.31737700000001,48.706159,30.702213,161.393874,41.023185,60.751692000000006,101.437679,69.5
2016-11-23,31.51,110.74983799999998,49.014927,30.859761,160.709284,40.775281,60.036032999999996,100.096875,69.879997
2016-11-25,31.700001,111.307418,49.044810999999996,30.958229,161.860188,41.181844,60.165246999999994,100.727841,70.089996
2016-11-28,30.860001,111.08836699999999,48.297784,30.771140000000003,163.229367,41.400001,60.244767,101.33909200000001,69.25
2016-11-29,29.73,110.97884099999999,48.397386,30.574203999999998,162.247128,41.150002,60.721874,101.092621,69.720001
2016-11-30,28.969998999999998,110.042897,47.989012,30.288649,160.947407,40.349998,59.896873,99.417129,68.949997
2016-12-01,28.879998999999998,109.017344,47.580637,30.908994,158.566241,40.169998,58.843263,98.35442900000001,68.470001
2016-12-02,29.040001,109.425578,48.118497,30.859761,158.764669,40.360001000000004,58.892961,99.913718,69.269997
2016-12-05,31.219998999999998,108.63898700000001,47.630438,30.633286,158.586073,40.619999,59.857117,100.022968,68.260002
2016-12-06,31.15,109.47535800000001,49.234056,30.692365999999996,159.092082,40.57,59.58874399999999,100.857242,70.970001
2016-12-07,30.9,110.550697,50.897434999999994,31.115777,163.49723799999998,41.290001000000004,61.000184999999995,102.108641,72.43
2016-12-08,31.309998999999998,111.63599599999999,51.146444,31.04685,164.062774,40.98,60.642354000000005,101.453147,72.739998
2016-12-09,32.049999,113.45808999999998,51.574739,31.293019,165.213677,42.0,61.596571999999995,102.86345899999999,75.16999799999999
2016-12-12,31.24,112.810902,49.771916999999995,31.371793,164.201675,41.900002,61.795364,104.005615,73.239998
2016-12-13,30.24,114.692743,49.463144,31.253631,166.969781,41.759997999999996,62.600483999999994,104.909403,72.550003
2016-12-14,30.450001,114.692743,49.62251,31.017309,167.18805600000002,41.209998999999996,62.302293000000006,103.75731999999999,72.940002
2016-12-15,29.790001,115.32002,50.299815,30.780987,166.70191,41.549999,62.202897,104.58166,74.790001
2016-12-16,29.4,115.469374,49.961162,31.263478000000003,165.422021,41.740002000000004,61.924581,105.14777099999999,74.41999799999999
2016-12-19,29.290001,116.13648,50.22013,31.430873,165.372411,41.669998,63.236627,104.69091,74.480003
2016-12-20,30.16,116.44513899999998,50.558782,31.755815999999996,166.285207,41.66,63.157111,104.184387,76.050003
2016-12-21,30.43,116.55466499999999,50.718148,31.637656,166.017321,41.57,63.157111,103.985747,75.720001
2016-12-22,29.75,115.787993,49.602589,31.568209999999997,165.749434,41.549999,63.167049,104.631314,74.190002
2016-12-23,29.709999,116.016995,49.692232000000004,31.627734999999998,165.402189,41.599998,62.85891899999999,104.373086,74.790001
2016-12-27,29.65,116.75380600000001,50.16037,31.647577000000002,165.828809,41.610001000000004,62.898675,104.412814,74.66999799999999
2016-12-28,29.43,116.25596499999999,49.313736999999996,31.449161,164.88626399999998,41.389998999999996,62.610426000000004,103.906299,73.529999
2016-12-29,28.889999,116.226096,49.114533,31.45908,165.293051,41.599998,62.520968,104.27377,73.279999
2016-12-30,28.08,115.32002,48.995006,31.349952000000002,164.687836,41.459998999999996,61.76554599999999,103.916225,72.879997
